-- phpMyAdmin SQL Dump
-- version 5.0.4
-- https://www.phpmyadmin.net/
--
-- Servidor: 127.0.0.1
-- Tiempo de generación: 30-12-2020 a las 01:31:14
-- Versión del servidor: 10.4.16-MariaDB
-- Versión de PHP: 7.4.12

SET SQL_MODE = "NO_AUTO_VALUE_ON_ZERO";
START TRANSACTION;
SET time_zone = "+00:00";


/*!40101 SET @OLD_CHARACTER_SET_CLIENT=@@CHARACTER_SET_CLIENT */;
/*!40101 SET @OLD_CHARACTER_SET_RESULTS=@@CHARACTER_SET_RESULTS */;
/*!40101 SET @OLD_COLLATION_CONNECTION=@@COLLATION_CONNECTION */;
/*!40101 SET NAMES utf8mb4 */;

--
-- Base de datos: `where_is_my_book`
--

-- --------------------------------------------------------

--
-- Estructura de tabla para la tabla `categorias`
--

CREATE TABLE `categorias` (
  `id` int(11) NOT NULL,
  `nombre` varchar(100) NOT NULL
) ENGINE=InnoDB DEFAULT CHARSET=utf8mb4;

--
-- Volcado de datos para la tabla `categorias`
--

INSERT INTO `categorias` (`id`, `nombre`) VALUES
(1, 'CIENCIA FICCION'),
(2, 'FANTASIA'),
(3, 'ROMANCE'),
(4, 'DRAMA'),
(5, 'TEATRO '),
(6, 'NOVELA GOTICA'),
(7, 'AVENTURAS'),
(8, 'HISTORICA');

-- --------------------------------------------------------

--
-- Estructura de tabla para la tabla `libros`
--

CREATE TABLE `libros` (
  `id` int(11) NOT NULL,
  `nombre` varchar(50) NOT NULL,
  `descripcion` text NOT NULL,
  `categoria_id` int(11) NOT NULL,
  `persona_id` int(11) DEFAULT NULL
) ENGINE=InnoDB DEFAULT CHARSET=utf8mb4;

--
-- Volcado de datos para la tabla `libros`
--

INSERT INTO `libros` (`id`, `nombre`, `descripcion`, `categoria_id`, `persona_id`) VALUES
(2, 'CUMBRES BORRASCOSAS', 'ESTA NOVELA HA SIDO CONSIDERADA UN CLÁSICO DE LA LITERATURA INGLESA. CUENTA UNA HISTORIA DRAMÁTICA Y TRÁGICA DE AMOR, VENGANZA, ODIO, LOCURA, VIDA Y MUERTE.', 6, NULL),
(3, 'OLIVER TWIST', 'ESTA NOVELA ES CONSIDERADA COMO UNA DE LAS MÁS CÉLEBRES DE LA LITERATURA UNIVERSAL. PRESENTA UN CUADRO DE LA SOCIEDAD INGLESA DE LA ÉPOCA VICTORIANA DONDE DENUNCIA LA SITUACIÓN PRECARIA Y EL MALTRATO QUE SE LE DABA A LOS NIÑOS DE LOS ORFANATOS, LA DELINCUENCIA, LA MARGINALIDAD Y EL TRISTE PAPEL DEL SISTEMA JUDICIAL.', 4, 1),
(4, 'ORGULLO Y PREJUICIO\r\n', 'CUENTA LA HISTORIA DE LOS BENNET Y SUS CINCO HIJAS DONDE EL ORGULLO, LA DISTANCIA SOCIAL, LA ASTUCIA, LA HIPOCRESÍA, LOS MALENTENDIDOS Y LOS JUICIOS APRESURADOS ABOCAN A SUS PERSONAJES AL ESCÁNDALO, DOLOR, A LA COMPRENSIÓN, CONOCIMIENTO Y EL AMOR VERDADERO.', 3, 2),
(5, 'EL CONDE DE MONTECRISTO', 'CUENTA LA HISTORIA DE UN MARINO JOVEN Y EXITOSO QUE ENAMORADO DE UNA JOVEN VUELVE PARA CASARSE CON ELLA PERO ES TRAICIONADO Y ACUSADO. DE ESTE MODO PASA 14 AÑOS EN PRISIÓN DONDE ENCONTRARÁ LA DESOLACIÓN PERO TAMBIÉN SE LE ABRIRÁN LAS PUERTAS DEL CONOCIMIENTO.', 7, 1),
(6, 'ALICIA EN EL PAIS DE LAS MARAVILLAS', '', 7, 3),
(7, 'EL RETRATO DE DORIAN GRAY', 'SE CREA CON ESTA NOVELA A UNO DE SUS PERSONAJES MÁS FAMOSOS: DORIAN GRAY, UN HOMBRE QUE ENCARNA EL MAL Y SU CASTIGO. ES UNA DE LAS PIEDRAS ANGULARES EN LOS DEBATES ENTRE LA ÉTICA, EL BIEN Y EL MAL.\r\n', 6, 2),
(8, 'LOS MISERABLES', '', 8, 1),
(9, 'VIAJE AL CENTRO DE LA TIERRA', 'UNA NOVELA DONDE UN PROFESOR DESCIFRA UN VIEJO PERGAMINO DEVOLVIENDO EL SENTIDO A LOS INCOMPRENSIBLES SIGNOS QUE APARECÍAN EN ÉL Y QUE LES LLEVARÁ HASTA EL CENTRO DE LA TIERRA.\r\n', 1, 3),
(10, 'ROMEO Y JULIETA', 'EN ESTA OBRA DOS JÓVENES ENAMORADOS QUIEREN ESTAR JUNTOS A PESAR DE LA OPOSICIÓN DE SUS FAMILIAS QUE SON RIVALES ENTRE SÍ Y QUE ACABARÁ EN UNA AUTÉNTICA TRAGEDIA.\r\n', 5, NULL),
(11, 'MADAME BOVARY', 'LA SOÑADORA EMMA, CASADA CON CHARLES BOVARY, BUSCARÁ LA REALIZACIÓN DE SUS SUEÑOS EN OTROS AMORES, PASIONALES, PLATÓNICOS PERO NINGUNO DE ELLOS LOGRARÁ CALMAR SU ANSIEDAD Y SUS INQUIETUDES ROMÁNTICAS.', 4, 3),
(13, 'CRONICAS MARCIANAS', 'ESTA COLECCIÓN DE RELATOS REÚNE LA CRÓNICA DE LA COLONIZACIÓN DE MARTE POR PARTE DE LA HUMANIDAD, QUE ABANDONA LA TIERRA EN SUCESIVAS OLEADAS DE COHETES PLATEADOS Y SUEÑA CON REPRODUCIR EN EL PLANETA ROJO UNA CIVILIZACIÓN DE PERRITOS CALIENTES, CÓMODOS SOFÁS Y LIMONADA EN EL PORCHE AL ATARDECER. PERO LOS COLONOS TAMBIÉN LLEVAN CONSIGO LAS ENFERMEDADES QUE DIEZMARÁN A LOS MARCIANOS Y MOSTRARÁN MUY POCO RESPETO POR UNA CULTURA PLANETARIA, MISTERIOSA Y FASCINANTE, QUE ÉSTOS INTENTARÁN PROTEGER ANTE LA RAPACIDAD DE LOS TERRÍCOLAS.', 1, 3);

-- --------------------------------------------------------

--
-- Estructura de tabla para la tabla `personas`
--

CREATE TABLE `personas` (
  `id` int(11) NOT NULL,
  `nombre` varchar(100) NOT NULL,
  `apellido` varchar(100) NOT NULL,
  `alias` varchar(50) NOT NULL,
  `email` varchar(300) NOT NULL
) ENGINE=InnoDB DEFAULT CHARSET=utf8mb4;

--
-- Volcado de datos para la tabla `personas`
--

INSERT INTO `personas` (`id`, `nombre`, `apellido`, `alias`, `email`) VALUES
(1, 'MILAGROS', 'ROSSI', 'MILI', 'RCMILY@GMAIL.COM'),
(2, 'JUAN', 'PEREZ', 'JUAN', 'JUANPEREZ@GMAIL.COM'),
(3, 'LUCIANO', 'PERERYRA', 'LUCHO', 'LUCHO123@GMAIL.COM');

--
-- Índices para tablas volcadas
--

--
-- Indices de la tabla `categorias`
--
ALTER TABLE `categorias`
  ADD PRIMARY KEY (`id`);

--
-- Indices de la tabla `libros`
--
ALTER TABLE `libros`
  ADD PRIMARY KEY (`id`),
  ADD KEY `categoria_id` (`categoria_id`),
  ADD KEY `persona_id` (`persona_id`);

--
-- Indices de la tabla `personas`
--
ALTER TABLE `personas`
  ADD PRIMARY KEY (`id`);

--
-- AUTO_INCREMENT de las tablas volcadas
--

--
-- AUTO_INCREMENT de la tabla `categorias`
--
ALTER TABLE `categorias`
  MODIFY `id` int(11) NOT NULL AUTO_INCREMENT, AUTO_INCREMENT=9;

--
-- AUTO_INCREMENT de la tabla `libros`
--
ALTER TABLE `libros`
  MODIFY `id` int(11) NOT NULL AUTO_INCREMENT, AUTO_INCREMENT=15;

--
-- AUTO_INCREMENT de la tabla `personas`
--
ALTER TABLE `personas`
  MODIFY `id` int(11) NOT NULL AUTO_INCREMENT, AUTO_INCREMENT=4;

--
-- Restricciones para tablas volcadas
--

--
-- Filtros para la tabla `libros`
--
ALTER TABLE `libros`
  ADD CONSTRAINT `libros_ibfk_1` FOREIGN KEY (`categoria_id`) REFERENCES `categorias` (`id`),
  ADD CONSTRAINT `libros_ibfk_2` FOREIGN KEY (`persona_id`) REFERENCES `personas` (`id`);
COMMIT;

/*!40101 SET CHARACTER_SET_CLIENT=@OLD_CHARACTER_SET_CLIENT */;
/*!40101 SET CHARACTER_SET_RESULTS=@OLD_CHARACTER_SET_RESULTS */;
/*!40101 SET COLLATION_CONNECTION=@OLD_COLLATION_CONNECTION */;
